{
  "accuracy": 0.9824561403508771,
  "roc_auc": 0.9953703703703703,
  "train_seconds": 0.006787776947021484
}